brand,model,powertrain,category,price_min,price_max,price_text,range_cltc_km,battery_type,battery_kwh,ac_charge_kw,charging_platform,adas,highlights,url,source,fetched_at
蔚来,ET5,纯电,轿跑,298000,313000,29.8万 - 31.3万,1055,,150,,,NOP+ 全域领航辅助 / 神玑NX9031 / Aquila 超感系统,蔚来 ET5 是一款智能电动中型轿跑，融合超跑基因与科技美学，全新推出自然奇境版，以高端设计与全感官沉浸式智能座舱带来个性化驾乘体验，车身配色丰富、智能交互升级、高阶安全护航，搭配便捷充换电网络，让出行更安全、更舒适、更具格调。,https://www.nio.cn/et5,nio.cn,2026-09-30T00:19:04.500997+00:00
蔚来,ET5T,纯电,轿车,298000,313000,29.8万 - 31.3万,1010,,150,,,NOP+ 全域领航辅助 / 神玑NX9031 / Aquila 超感系统,蔚来 ET5T 是一款全面焕新的智能电动旅行车，全新推出自然奇境版，设计优雅、内饰温馨，提供多种个性化车身颜色选择，搭载先进智能座舱、NOMI Mate 3.0 交互与全域领航辅助 NOP+，兼顾强大安全性与多路况适应能力，带来舒适安心的沉浸式出行体验。,https://www.nio.cn/et5t,nio.cn,2026-09-30T00:19:04.500997+00:00
蔚来,ET7,纯电,轿车,428000,458000,42.8万 - 45.8万,1050,半固态,150,,800V,NOP+ 全域领航辅助 / NAD / 神玑NX9031 / Aquila 超感系统,蔚来ET7高端智能电动轿车，CLTC续航超1000公里，搭载NAD自动驾驶技术，全系标配空气悬架与4D舒适座舱。立即预约试驾，体验未来出行方式。,https://www.nio.cn/et7,nio.cn,2026-09-30T00:19:04.500997+00:00
蔚来,ET9,纯电,轿车,788000,838000,78.8万 - 83.8万,650,,,,900V,NOP+ 全域领航辅助 / NAD / 神玑NX9031 / Aquila 超感系统,蔚来ET9，全球首款智能电动行政旗舰轿车，搭载17项首发技术及52项领先科技，3250mm超长轴距，重新定义高端出行体验。探索蔚来ET9的创新设计、智能辅助驾驶与可持续能源解决方案。,https://www.nio.cn/et9,nio.cn,2026-09-30T00:19:04.500997+00:00
蔚来,ES6,纯电,SUV,338000,350000,33.8万 - 35万,965,,150,,,NOP+ 全域领航辅助 / 神玑NX9031 / Aquila 超感系统,蔚来ES6是一款智能电动全能SUV，全新推出自然奇境版，融合自信外观与环抱式豪华座舱，搭载 NOMI Mate 3.0 智能交互、高性能双电机，CLTC 续航最高 965km，标配换电补能体系与全域舒适底盘，兼顾家用实用与豪华质感，陪伴人生向上每一程。,https://www.nio.cn/es6,nio.cn,2026-09-30T00:19:04.500997+00:00
蔚来,EC6,纯电,SUV,358000,370000,35.8万 - 37万,970,,150,,,NOP+ 全域领航辅助 / 神玑NX9031 / Aquila 超感系统,蔚来EC6是一款智能电动轿跑 SUV，全新推出自然奇境版，以溜背轿跑美学与超宽鹰尾双模主动升降尾翼打造动感姿态，标配 1.77㎡全景天幕、第二代女王副驾，搭载 NOMI Mate 3.0 智能交互与全域领航辅助 NOP+，CLTC 续航最高 970km，兼顾个性格调、舒适座舱与高效出行，激发生活灵感无限。,https://www.nio.cn/ec6,nio.cn,2026-09-30T00:19:04.500997+00:00
蔚来,EC7,纯电,SUV,458000,490000,45.8万 - 49万,940,,150,,,NOP+ 全域领航辅助 / NAD / Aquila 超感系统,蔚来EC7是一款智能电动轿跑SUV，CLTC续航里程达940km、10种驾驶模式和Banyan智能系统。立即预约试驾，体验同级超长轴距与多项科技升级。,https://www.nio.cn/ec7,nio.cn,2026-09-30T00:19:04.500997+00:00
蔚来,ES8,纯电,SUV,406800,446800,40.68万 - 44.68万,635,三元锂,102,,900V,神玑NX9031 / Aquila 超感系统,蔚来ES8是一款全场景科技旗舰SUV，首创宽境6座/奢阔7座双布局，搭载智能驾驶辅助、零重力座椅及沉浸式数字座舱。全维安全守护，超长续航里程，重新定义豪华出行体验。,https://www.nio.cn/es8,nio.cn,2026-09-30T00:19:04.500997+00:00
蔚来,ES9,纯电,SUV,,,,,,,,900V,神玑NX9031 / Aquila 超感系统,蔚来ES9定位科技行政旗舰SUV，搭载天行智能底盘、九霄天琴声学和神玑NX9031芯片，全尺寸豪华纯电，行政舒享与智能安全兼备，打造高端行政出行与全家舒适驾乘。,https://www.nio.cn/es9,nio.cn,2026-09-30T00:19:04.500997+00:00
